label,prediction
396.0,436.42134947473164
553.0,516.5484551042553
303.0,371.615521992846
559.0,504.25980275700977
693.0,625.2220017843708
452.0,420.44084966684903
225.0,352.074156119459
401.0,458.5404046983954
385.0,439.24228892401567
495.0,592.4647047905139
439.0,465.1655789048922
448.0,406.52233110427596
605.0,507.475522357175
278.0,402.68917763657447
346.0,426.00213325250206
444.0,499.6758105170406
