label,prediction
396.0,439.7924223643658
553.0,521.7620542801085
303.0,377.38242432723916
559.0,515.2635290444895
693.0,636.7154487147935
452.0,413.11639334479827
225.0,347.33771616441476
401.0,469.7903687469432
385.0,446.27227119799477
495.0,604.4646176041018
439.0,468.08768246818454
448.0,400.7688223064217
605.0,527.5240245455617
278.0,409.0813435140726
346.0,429.30997566096653
444.0,502.6312923325296
