label,prediction
396.0,418.616134251885
553.0,489.06179896008666
303.0,435.8987214911818
559.0,449.61248947488343
693.0,608.9174894242317
452.0,468.51058227233784
225.0,313.72690624903333
401.0,360.4776683468696
385.0,414.5901080764736
495.0,570.0014596289878
439.0,437.96604416228234
448.0,387.28167041733843
605.0,410.8754657497961
278.0,386.3253714723236
346.0,445.3906267201941
444.0,526.1913781804922
