label,prediction
296.0,455.3707865168539
553.0,455.3707865168539
303.0,455.3707865168539
559.0,455.3707865168539
476.0,455.3707865168539
452.0,455.3707865168539
225.0,455.3707865168539
401.0,455.3707865168539
385.0,455.3707865168539
501.0,455.3707865168539
439.0,455.3707865168539
448.0,455.3707865168539
554.0,455.3707865168539
278.0,455.3707865168539
417.0,455.3707865168539
444.0,455.3707865168539
