label,prediction
296.0,298.9354548277231
553.0,483.77116014649016
303.0,349.18586968860393
559.0,443.782525583095
476.0,340.50541392482813
452.0,377.4130788987577
225.0,390.6688809756375
401.0,400.40826562359615
385.0,410.2404391419317
501.0,482.84250884162736
439.0,452.98798505628247
448.0,343.6269492147641
554.0,503.86974816648103
278.0,372.15384308349394
417.0,412.5206561863024
444.0,476.02555059240694
