label,prediction
296.0,293.7538202321868
553.0,470.9436019850832
303.0,351.67415316966606
559.0,448.85410492675487
476.0,311.3512716792835
452.0,382.75644591522826
225.0,396.0803406814156
401.0,396.60359306082944
385.0,414.7159564215266
501.0,491.8802723552669
439.0,445.59897164053564
448.0,325.83454905217883
554.0,498.7985486665208
278.0,370.1043354807771
417.0,411.6104325412423
444.0,489.23719833459995
