label,prediction
296.0,294.49999855429405
553.0,515.8855490001386
303.0,421.54127967941383
559.0,413.52286424748894
476.0,379.14628757947753
452.0,409.66411176490357
225.0,340.46180155519545
401.0,357.2385611486986
385.0,410.59784158734
501.0,519.934224445719
439.0,476.6380081188018
448.0,402.03057618185636
554.0,506.7462304245874
278.0,414.37739387710525
417.0,400.04677597400746
444.0,471.47883928516063
